<?xml version="1.0" encoding="euc-kr"?>
<!DOCTYPE sqlMap PUBLIC '-//ibatis.apache.org//DTD Sql Map 2.0//EN'
	'http://ibatis.apache.org/dtd/sql-map-2.dtd'>
<sqlMap namespace="member">

	<typeAlias alias="member" type="member.member_bin" />

	<resultMap id="memberRes" class="member">
		<result property="no" column="no" />
		<result property="id" column="id" />
		<result property="password" column="password" />
		<result property="mem_name" column="mem_name" />
		<result property="email" column="email" />
		<result property="zip_code" column="zip_code" />
		<result property="address1" column="address1" />
		<result property="address2" column="address2" />
		<result property="mem_grade" column="mem_grade" />
	</resultMap>
	
	<resultMap id="findIdRes" class="member">
		<result property="id" column="id" />
	</resultMap>
	
	<resultMap id="findPwdRes" class="member">
		<result property="password" column="password" />
	</resultMap>
	
	<resultMap id="memberCntRes" class="member">
		<result property="cnt" column="cnt" />
	</resultMap>

	<resultMap id="memberCntRes2" class="member">
		<result property="cnt" column="cnt" />
	</resultMap>	
	
	<resultMap id="memberCntRes3" class="member">
		<result property="cnt" column="cnt" />
	</resultMap>	

	<select id="selectAll" resultMap="memberRes" parameterClass="member">
		select * from member order by no desc
	</select>

	<select id="findIdCnt" resultMap="memberCntRes2" parameterClass="member">
		select count(*) as cnt from member where mem_name=#mem_name# and email=#email#
	</select>
	
	<select id="findId" resultMap="findIdRes" parameterClass="member">
		select id from member where mem_name=#mem_name# and email=#email#
	</select>
	
	<select id="findPwdCnt" resultMap="memberCntRes3" parameterClass="member">
		select count(*) as cnt from member where id=#id# and email=#email#
	</select>
	
	<select id="findPwd" resultMap="findPwdRes" parameterClass="member">
		select password from member where id=#id# and email=#email#
	</select>
	
	<select id="selectMemCheck" resultMap="memberCntRes" parameterClass="member">
		select count(*) as cnt from member where id=#id# and password=#password#
	</select>
	
	<insert id="login" parameterClass="member">
		insert into member(id, password) values(#id#, #password#)
	</insert>
	
	<insert id="logon" parameterClass="member">
		insert into member(no, mem_name, id, password, email, zip_code, address1, address2, mem_grade) 
		values(member_no_seq.nextval, #mem_name#, #id#, #password#, #email#, #zip_code#, #address1#, #address2#, #mem_grade#)
	</insert>

</sqlMap>